st_efflam_401_06_green_lane01	st
st_efflam_401_07_green_lane01 st
ile_callot_403_07_
_lane01 ile
ile_callot_403_08_blue_lane01 ile
plymouth_421_01_green_lane01  plymouth
plymouth_421_02_green_lane01  plymouth
plymouth_421_03_green_lane01  plymouth
bristol_channel_422_01_green_lane01 bristol
bristol_channel_422_02_green_lane01 bristol
bristol_channel_422_03_green_lane01 bristol
canoe_beach_426_01_purple_lane01        canoe
canoe_beach_426_02_purple_lane01        canoe
gravesend_424_03_green_lane01   gravesend
gravesend_424_04_green_lane01   gravesend
gravesend_424_05_green_lane01   gravesend
canoe_beach_426_06_purple_lane01        canoe
canoe_beach_426_07_purple_lane01        canoe
reid_state_park_427_01_purple_lane01    reid
reid_state_park_427_02_purple_lane01    reid
hoernum_169_10_green_lane01     hoernum
glenancross_321_01_blue_lane01  glenancross
glenancross_321_02_blue_lane01  glenancross
glenancross_321_03_blue_lane01  glenancross
reid_state_park_427_07_purple_lane01    reid
south_lubec_428_01_purple_lane01        south
south_lubec_428_02_purple_lane01        south
south_lubec_428_03_purple_lane01        south
nairn_323_03_blue_lane01        nairn
nairn_323_04_blue_lane01        nairn
little_gruinard_322_01_blue_lane01      little
lubec_429_04_purple_lane01      lubec
lubec_429_05_purple_lane01      lubec
lubec_429_06_purple_lane01      lubec
keitum_398_06_blue_lane01       keitum
keitum_398_07_blue_lane01       keitum
keitum_398_08_blue_lane01       keitum
keitum_398_09_blue_lane01       keitum
keitum_398_10_blue_lane01       keitum
hausstrand_169_57_blue_lane01   hausstrand
morsum_227_04_blue_lane01       morsum
morsum_227_06_blue_lane01       morsum
morsum_296_21_blue_lane01       morsum
hausstrand_169_58_green_lane01  hausstrand
ardtoe_320_06_blue_lane01       ardtoe
ardtoe_320_15_blue_lane01       ardtoe
ardtoe_320_14_blue_lane01       ardtoe
ardtoe_320_04_blue_lane01       ardtoe
ardtoe_320_24_blue_lane01       ardtoe
ardtoe_320_02_blue_lane01       ardtoe
musselburough_324_29_blue_lane01        musselburough
musselburough_324_33_blue_lane01        musselburough
musselburough_324_44_blue_lane01        musselburough
musselburough_324_32_blue_lane01        musselburough
ellenbogen_222_13_green_lane01  ellenbogen
gravesend_424_06_green_lane01   gravesend
gravesend_424_07_green_lane01   gravesend
musselburough_324_52_green_lane01       musselburough
musselburough_324_50_green_lane01       musselburough
musselburough_324_42_green_lane01       musselburough
musselburough_324_25_green_lane01       musselburough
musselburough_324_36_green_lane01       musselburough
ellenbogen_222_01REPLICATE_green_lane01 ellenbogen
st_efflam_401_03_green_lane02   st
st_efflam_401_04_green_lane02   st
st_efflam_401_05_green_lane02   st
ile_callot_403_03_blue_lane02   ile
ile_callot_403_04_blue_lane02   ile
ile_callot_403_05_blue_lane02   ile
plymouth_421_04_green_lane02    plymouth
plymouth_421_05_green_lane02    plymouth
bristol_channel_422_04_green_lane02     bristol
bristol_channel_422_05_green_lane02     bristol
gravesend_424_01_green_lane02   gravesend
gravesend_424_02_green_lane02   gravesend
canoe_beach_426_03_purple_lane02        canoe
canoe_beach_426_04_purple_lane02        canoe
canoe_beach_426_05_purple_lane02        canoe
hoernum_169_06_green_lane02     hoernum
hoernum_169_07_green_lane02     hoernum
hoernum_169_08_green_lane02     hoernum
hoernum_169_09_green_lane02     hoernum
reid_state_park_427_03_purple_lane02    reid
reid_state_park_427_04_purple_lane02    reid
reid_state_park_427_05_purple_lane02    reid
reid_state_park_427_06_purple_lane02    reid
glenancross_321_04_blue_lane02  glenancross
glenancross_321_05_blue_lane02  glenancross
nairn_323_01_blue_lane02        nairn
nairn_323_02_blue_lane02        nairn
lubec_429_01_green_lane02       lubec
lubec_429_02_purple_lane02      lubec
lubec_429_03_purple_lane02      lubec
little_gruinard_322_02_blue_lane02      little
keitum_398_04_blue_lane02       keitum
keitum_398_05_blue_lane02       keitum
lubec_429_07_purple_lane02      lubec
lubec_429_08_green_lane02       lubec
lubec_429_09_purple_lane02      lubec
morsum_227_03_blue_lane02       morsum
morsum_227_01_blue_lane02       morsum
morsum_227_09_blue_lane02       morsum
hausstrand_219_06_green_lane02  hausstrand
hausstrand_219_12_green_lane02  hausstrand
hausstrand_219_11_green_lane02  hausstrand
hausstrand_219_05_green_lane02  hausstrand
ardtoe_320_20_blue_lane02       ardtoe
ardtoe_320_18_blue_lane02       ardtoe
ardtoe_320_22_blue_lane02       ardtoe
ardtoe_320_35_blue_lane02       ardtoe
ellenbogen_222_01_green_lane02  ellenbogen
ellenbogen_222_02_green_lane02  ellenbogen
ellenbogen_222_03_green_lane02  ellenbogen
ellenbogen_222_04_green_lane02  ellenbogen
musselburough_324_30_blue_lane02        musselburough
musselburough_324_05_blue_lane02        musselburough
musselburough_324_03_blue_lane02        musselburough
musselburough_324_09_green_lane02       musselburough
musselburough_324_02_green_lane02       musselburough
musselburough_324_34_green_lane02       musselburough
musselburough_324_07_green_lane02       musselburough
musselburough_324_23_green_lane02       musselburough
